{"Canada": 0.06523927516227424, "Libyan Arab Jamahiriya": 0.09, "Sao Tome and Principe": 0.09, "Turkmenistan": 0.03681151746774015, "Montenegro": 0.08882032799553306, "United Republic of Tanzania": 0.09, "Lithuania": 0.09206948213464157, "Cambodia": 0.049208420295813696, "Ethiopia": 0.01600138334010017, "Aruba": 0.09, "Swaziland": 0.09, "Argentina": 0.08710360016853029, "Bolivia": 0.10312480075644014, "Cameroon": 0.05066245245068327, "Burkina Faso": 0.09, "Somalia ": 0.09, "Ghana": 0.09225143446503248, "Saudi Arabia": 0.16180015527480288, "Cape Verde": 0.09, "Slovenia": 0.10172242118682813, "Guatemala": 0.10107484501003709, "United States of America": 0.11878829795987615, "Bosnia and Herzegovina": 0.1027335004523294, "Guinea": 0.09, "Russian Federation": 0.056263463667959444, "Germany": 0.060677100465494266, "Spain": 0.11530542013091613, "Liberia": 0.09, "Netherlands": 0.11396602705421228, "Pakistan": 0.05800121812250345, "Oman": 0.10689500229672029, "Martinique": 0.09, "United States Virgin Islands": 0.09, "Seychelles": 0.09, "Gabon": 0.05951371525479018, "New Zealand": 0.13289393404355096, "Yemen": 0.12187991732316503, "Jamaica": 0.15907024380666937, "Albania": 0.12575159111098683, "Samoa": 0.09, "Chinese Taipei": 0.07546245110623755, "Slovak Republic": 0.05993987135602851, "United Arab Emirates": 0.14628996411822084, "Guam": 0.09, "Uruguay": 0.12229168693583013, "India": 0.1316560689709243, "Azerbaijan": 0.10666462603393649, "Madagascar": 0.09, "Lesotho": 0.09, "Saint Vincent and the Grenadines": 0.09, "Kenya": 0.05631129693535798, "Tajikistan": 0.012895587436936098, "Turkey": 0.0692601664143149, "Afghanistan": 0.09, "Fiji": 0.09, "Bangladesh": 0.04424262155529932, "Mauritania": 0.09, "Iran (Islamic Republic of)": 0.09, "Viet Nam": 0.09, "Saint Lucia": 0.09, "Mongolia": 0.05376296387261744, "France": 0.07765994878070476, "Syrian Arab Republic": 0.12852511263699704, "Rwanda": 0.09, "Slovakia": 0.09, "Peru": 0.15835346275735693, "Vanuatu": 0.09, "Norway": 0.061508629889388655, "Cote d'Ivoire": 0.040912641994668736, "Benin": 0.12587029626336715, "Western Sahara": 0.09, "Cuba": 0.07452866028358271, "Iran, Islamic Republic of": 0.09486129189680276, "Togo": 0.07688722432427096, "China": 0.07759934754338, "Armenia": 0.049661186561190444, "Republic of Korea": 0.09, "Dominican Republic": 0.17758575365149423, "Yemen ": 0.09, "Ukraine": 0.053053898353882765, "Bahrain": 0.10305043557736095, "Tonga": 0.09, "Finland": 0.04279378608189213, "Libya": 0.12915788641334508, "China, Hong Kong Special Administrative Region": 0.09, "Northern America": 0.09, "Indonesia": 0.09610535478348571, "Central African Republic": 0.09, "Mauritius": 0.09, "Sweden": 0.056873717734779665, "Belarus": 0.04705188366045826, "Macedonia, Former Yugoslav Republic of": 0.07621701585471728, "Guyana": 0.09, "Mali": 0.09, "Congo, Democratic Republic of": 0.00881180114244885, "Bulgaria": 0.0867561628830891, "Romania": 0.07696856870034129, "Angola": 0.07786482837298092, "Portugal": 0.11348136009741477, "South Africa": 0.0695381156284519, "Nicaragua": 0.1087636583076696, "Brunei Darussalam": 0.12195100261308466, "Malaysia": 0.1068356199572068, "Austria": 0.06814397535266635, "Vietnam": 0.07816046800339622, "Mozambique": 0.0236902667088102, "Uganda": 0.09, "Japan": 0.07677263366660911, "Niger": 0.09, "Brazil": 0.0790356162243383, "Kuwait": 0.13447787785223086, "Panama": 0.3036221935819228, "Korea, Republic of": 0.07427533275826767, "Republic of Moldova": 0.09, "Costa Rica": 0.1687610732486219, "Luxembourg": 0.18163244302669432, "Bahamas": 0.09, "Gibraltar": 0.544839527861363, "Ireland": 0.10819975759002494, "Nigeria": 0.02575456333747147, "Ecuador": 0.22646417815395248, "Czech Republic": 0.06344934273122194, "Europe": 0.09, "Australia": 0.126163620204196, "Algeria": 0.08869422755345782, "El Salvador": 0.16162313728657676, "Solomon Islands": 0.09, "China, Macao Special Administrative Region": 0.09, "Chile": 0.07803725221977086, "Puerto Rico": 0.09, "Belgium": 0.09951151477526328, "Thailand": 0.08094819684552339, "Haiti": 0.052760143303920495, "Iraq": 0.18369952180902605, "Sierra Leone": 0.09, "Georgia": 0.09068729117075768, "Lao People's Democratic Republic": 0.09, "Denmark": 0.0771128178995423, "Philippines": 0.09538808989814455, "French Guiana": 0.09, "Morocco": 0.0853708114063161, "Croatia": 0.09763589416476226, "French Polynesia": 0.09, "Guinea-Bissau": 0.09, "World": 0.09, "Switzerland": 0.0856553988775291, "Grenada": 0.09, "State of Palestine": 0.09, "Venezuela (Bolivarian Republic of)": 0.09, "Belize": 0.09, "Tanzania, United Republic of": 0.023486593950902412, "Chad": 0.09, "Estonia": 0.08381506669951107, "Kosovo": 0.08277301666213101, "Africa": 0.09, "Equatorial Guinea": 0.09, "Lebanon": 0.14751585332001427, "Uzbekistan": 0.03208640452124431, "Tunisia": 0.0724730267218302, "Djibouti": 0.09, "Antigua and Barbuda": 0.09, "Colombia": 0.14487328263428104, "Burundi": 0.09, "Cyprus": 0.19534972812638268, "R\u00e9union": 0.09, "Barbados": 0.09, "Timor-Leste": 0.09, "Qatar": 0.1302754848662122, "Italy": 0.06977694416934281, "Bhutan": 0.09, "Sudan": 0.07368862677293161, "Democratic People's Republic of Korea": 0.09, "Latin America and the Caribbean": 0.09, "Nepal": 0.03483340820354912, "Kiribati": 0.09, "Malta": 0.3916034034976637, "Democratic Republic of the Congo": 0.09, "Maldives": 0.09, "Suriname": 0.09, "Venezuela": 0.154709634341463, "Netherlands Antilles": 0.4532569580731374, "The former Yugoslav Republic of Macedonia": 0.09, "Israel": 0.07347128777309166, "All countries.1": 10892.615655150546, "Iceland": 0.032392661169204785, "Zambia": 0.0196156239796195, "Senegal": 0.09608038823333685, "Papua New Guinea": 0.09, "Malawi": 0.09, "Trinidad and Tobago": 0.13758132899063585, "Zimbabwe": 0.01937246995262838, "Jordan": 0.15997223111737854, "Gambia": 0.09, "Kazakhstan": 0.06565852517924729, "Poland": 0.06878349128821644, "Moldova, Republic of": 0.05967968367303445, "Eritrea": 0.03155084341287627, "Kyrgyzstan": 0.1093525291485326, "Greece": 0.11643960754676294, "New Caledonia": 0.09, "Sri Lanka": 0.08317418084345574, "Latvia": 0.08460678670192923, "Hungary": 0.05773238742909906, "Guadeloupe": 0.09, "C\u00f4te d'Ivoire": 0.09, "Hong Kong, China": 0.2017726872939543, "Honduras": 0.09748990303161989, "Myanmar": 0.033978175016321985, "Mexico": 0.12516481696454765, "Egypt": 0.08054651688000036, "Singapore": 0.3275163287069257, "Serbia": 0.0679344246147013, "Comoros": 0.09, "United Kingdom": 0.09688280825031781, "Congo": 0.15035623630716985, "All countries": 11971.03024911817, "Korea, Democratic People's Republic of": 0.05607427088930077, "Paraguay": 0.10944664205938033, "Namibia": 0.07546175439958597, "Botswana": 0.09587826371781945}